{
  "GroupGUID": "0dcafd79-2e3b-4c64-b6fc-0ec229354fe9",
  "GroupName": "MainMission4070012_New Group",
  "Category": "Mission",
  "LevelGraph": "Config/Level/GroupGraph/F44001002/Group_F44001002_G21.json",
  "AreaAnchorName": "LevelArea_P44001_F44001002_G21",
  "LoadSide": "Server",
  "OwnerMainMissionID": 4070012,
  "ValueSource": {},
  "ConflictIDList": [],
  "IsHoyoGroup": true,
  "ConflictSpatialInfo": {
    "CompactGridList": [
      63,
      42,
      62,
      63,
      63,
      63,
      62,
      64,
      63,
      64,
      62,
      69,
      63,
      69,
      72,
      69,
      73,
      69,
      62,
      70,
      63,
      70,
      72,
      70,
      73,
      70,
      72,
      77,
      73,
      77,
      72,
      78,
      73,
      78
    ],
    "LowerUpperBounds": {
      "x": 38,
      "y": 41
    }
  },
  "StreamingSpatialInfo": {
    "CompactGridList": [
      63,
      42,
      62,
      48,
      63,
      58,
      62,
      63,
      63,
      63,
      62,
      64,
      63,
      64,
      62,
      69,
      63,
      69,
      72,
      69,
      73,
      69,
      62,
      70,
      63,
      70,
      72,
      70,
      73,
      70,
      72,
      77,
      73,
      77,
      72,
      78,
      73,
      78
    ],
    "LowerUpperBounds": {
      "x": 38,
      "y": 41
    }
  },
  "ConflictWhiteList": [],
  "AnchorList": [
    {
      "ID": 1,
      "PosX": 128.936,
      "PosY": 81.59,
      "PosZ": 86.625,
      "Name": "Anchor1",
      "RotY": 261.3335,
      "RotX": 16.95058,
      "RotZ": 357.4555,
      "MapLayerID": 2,
      "Usage": "Camera",
      "CustomParameter": {
        "$type": "LevelAnchorCameraParameter"
      }
    },
    {
      "ID": 2,
      "PosX": 125.775,
      "PosY": 80.46081,
      "PosZ": 128.937,
      "Name": "Anchor2",
      "RotY": 180.0,
      "MapLayerID": 2
    },
    {
      "ID": 3,
      "PosX": 126.91,
      "PosY": 80.46081,
      "PosZ": 128.752,
      "Name": "Anchor3",
      "RotY": 211.1228,
      "MapLayerID": 2
    },
    {
      "ID": 4,
      "PosX": 126.044,
      "PosY": 80.47088,
      "PosZ": 86.881,
      "Name": "Anchor4",
      "RotY": 177.2672,
      "MapLayerID": 2
    }
  ],
  "MonsterList": [],
  "PropList": [
    {
      "ID": 300001,
      "PosX": 125.939,
      "PosY": 80.40112,
      "PosZ": 127.816,
      "Name": "Prop1",
      "PropID": 100,
      "IsOverrideInitLevelGraph": true,
      "InitLevelGraph": "Config/Level/LevelInstanceGraph/F44001002/LG_Prop_F44001002_G21_300001.json",
      "ValueSource": {
        "Values": [
          {
            "$type": "SharedString",
            "Key": "Anchor",
            "Value": "LevelArea_P44001_F44001002_G21,Anchor3"
          }
        ]
      },
      "Trigger": {
        "Shape": "Box",
        "Radius": 1.0,
        "DimX": 1.91,
        "DimY": 1.91,
        "DimZ": 1.91,
        "PointList": []
      },
      "CampID": 4,
      "MapLayerID": 2,
      "CustomTriggerMap": {},
      "CustomTriggerMapV2": {},
      "BridgeStateRotations": [],
      "DialogueGroups": [],
      "TalkDialogGroupIDList": [],
      "ServerInteractVerificationIDList": [],
      "TriggerValidGuest": {},
      "SpawnConfig": {
        "EntitySpawnConfig": {}
      }
    },
    {
      "ID": 300002,
      "PosX": 126.0,
      "PosY": 80.48222,
      "PosZ": 116.01,
      "Name": "Prop2",
      "PropID": 100,
      "InitLevelGraph": "Config/Level/LevelInstanceGraph/F44001002/LG_Prop_F44001002_G14_300005.json",
      "ValueSource": {},
      "Trigger": {
        "Shape": "Box",
        "Radius": 1.0,
        "DimX": 1.73,
        "DimY": 1.73,
        "DimZ": 1.73,
        "PointList": []
      },
      "CampID": 4,
      "MapLayerID": 2,
      "CustomTriggerMap": {},
      "CustomTriggerMapV2": {},
      "BridgeStateRotations": [],
      "DialogueGroups": [],
      "TalkDialogGroupIDList": [],
      "ServerInteractVerificationIDList": [],
      "TriggerValidGuest": {},
      "SpawnConfig": {
        "EntitySpawnConfig": {}
      }
    },
    {
      "ID": 300003,
      "PosX": 126.093,
      "PosY": 80.48222,
      "PosZ": 85.408,
      "Name": "Prop3",
      "PropID": 100,
      "IsOverrideInitLevelGraph": true,
      "InitLevelGraph": "Config/Level/LevelInstanceGraph/F44001002/LG_Prop_F44001002_G21_300003.json",
      "ValueSource": {},
      "Trigger": {
        "Radius": 2.0,
        "PointList": []
      },
      "CampID": 4,
      "MapLayerID": 2,
      "CustomTriggerMap": {},
      "CustomTriggerMapV2": {},
      "BridgeStateRotations": [],
      "DialogueGroups": [],
      "TalkDialogGroupIDList": [],
      "ServerInteractVerificationIDList": [],
      "TriggerValidGuest": {},
      "SpawnConfig": {
        "EntitySpawnConfig": {}
      }
    },
    {
      "ID": 300007,
      "PosX": 125.98,
      "PosY": 80.387,
      "PosZ": 97.438,
      "Name": "Prop7",
      "RotY": 90.0,
      "PropID": 100,
      "IsOverrideInitLevelGraph": true,
      "InitLevelGraph": "Config/Level/Maze/MazeExtra/PadsPuzzle/Padpuzzle_Common.json",
      "ValueSource": {
        "Values": [
          {
            "$type": "SharedString",
            "Key": "PadsPuzzlePath",
            "Value": "Props/Outputs/Chap00/Chap00_Prop_Pad/Levels/Chap00_Prop_Pad_PeiPeiRaid_2.prefab"
          },
          {
            "$type": "SharedString",
            "Key": "Bridge",
            "Value": "32,300001"
          }
        ]
      },
      "Trigger": {
        "Radius": 1.0,
        "DimX": 1.0,
        "DimY": 1.0,
        "DimZ": 1.0,
        "PointList": []
      },
      "CampID": 4,
      "MapLayerID": 2,
      "CustomTriggerMap": {},
      "CustomTriggerMapV2": {},
      "BridgeStateRotations": [],
      "DialogueGroups": [],
      "TalkDialogGroupIDList": [],
      "ServerInteractVerificationIDList": [],
      "TriggerValidGuest": {},
      "SpawnConfig": {
        "EntitySpawnConfig": {}
      }
    }
  ],
  "NPCList": [
    {
      "ID": 400001,
      "PosX": 126.074,
      "PosY": 80.47088,
      "PosZ": 85.509,
      "Name": "NPC1",
      "NPCID": 3045,
      "ValueSource": {},
      "DialogueGroups": [],
      "ServerInteractVerificationIDList": [],
      "MapLayerID": 2,
      "BoardShowList": [],
      "TalkDialogGroupIDList": [],
      "DefaultIdleFreeStyleMotionID": 900130000,
      "InitialHiddenNodeList": [],
      "SpawnConfig": {
        "EntitySpawnConfig": {}
      },
      "TriggerValidGuest": {}
    }
  ]
}