{
  "1": {
    "Level": 1,
    "BreakBaseDamage": {
      "Value": 54
    }
  },
  "2": {
    "Level": 2,
    "BreakBaseDamage": {
      "Value": 58
    }
  },
  "3": {
    "Level": 3,
    "BreakBaseDamage": {
      "Value": 62
    }
  },
  "4": {
    "Level": 4,
    "BreakBaseDamage": {
      "Value": 67.52638400089927
    }
  },
  "5": {
    "Level": 5,
    "BreakBaseDamage": {
      "Value": 70.50939700077288
    }
  },
  "6": {
    "Level": 6,
    "BreakBaseDamage": {
      "Value": 73.5228200010024
    }
  },
  "7": {
    "Level": 7,
    "BreakBaseDamage": {
      "Value": 76.56604500045069
    }
  },
  "8": {
    "Level": 8,
    "BreakBaseDamage": {
      "Value": 79.63846300076693
    }
  },
  "9": {
    "Level": 9,
    "BreakBaseDamage": {
      "Value": 82.73946500080638
    }
  },
  "10": {
    "Level": 10,
    "BreakBaseDamage": {
      "Value": 85.86843600077555
    }
  },
  "11": {
    "Level": 11,
    "BreakBaseDamage": {
      "Value": 91.49440700048581
    }
  },
  "12": {
    "Level": 12,
    "BreakBaseDamage": {
      "Value": 97.06798200076446
    }
  },
  "13": {
    "Level": 13,
    "BreakBaseDamage": {
      "Value": 102.58916100044735
    }
  },
  "14": {
    "Level": 14,
    "BreakBaseDamage": {
      "Value": 108.0579440004658
    }
  },
  "15": {
    "Level": 15,
    "BreakBaseDamage": {
      "Value": 113.47433200059459
    }
  },
  "16": {
    "Level": 16,
    "BreakBaseDamage": {
      "Value": 118.83832400059327
    }
  },
  "17": {
    "Level": 17,
    "BreakBaseDamage": {
      "Value": 124.14992000022903
    }
  },
  "18": {
    "Level": 18,
    "BreakBaseDamage": {
      "Value": 129.40912099997513
    }
  },
  "19": {
    "Level": 19,
    "BreakBaseDamage": {
      "Value": 134.6159260009881
    }
  },
  "20": {
    "Level": 20,
    "BreakBaseDamage": {
      "Value": 139.7703350011725
    }
  },
  "21": {
    "Level": 21,
    "BreakBaseDamage": {
      "Value": 149.33229000098072
    }
  },
  "22": {
    "Level": 22,
    "BreakBaseDamage": {
      "Value": 158.8011200008914
    }
  },
  "23": {
    "Level": 23,
    "BreakBaseDamage": {
      "Value": 168.17682400043122
    }
  },
  "24": {
    "Level": 24,
    "BreakBaseDamage": {
      "Value": 177.4594020000659
    }
  },
  "25": {
    "Level": 25,
    "BreakBaseDamage": {
      "Value": 186.64885400095955
    }
  },
  "26": {
    "Level": 26,
    "BreakBaseDamage": {
      "Value": 195.74518100102432
    }
  },
  "27": {
    "Level": 27,
    "BreakBaseDamage": {
      "Value": 204.7483820009511
    }
  },
  "28": {
    "Level": 28,
    "BreakBaseDamage": {
      "Value": 213.65845600073226
    }
  },
  "29": {
    "Level": 29,
    "BreakBaseDamage": {
      "Value": 222.47540600039065
    }
  },
  "30": {
    "Level": 30,
    "BreakBaseDamage": {
      "Value": 231.19922899990343
    }
  },
  "31": {
    "Level": 31,
    "BreakBaseDamage": {
      "Value": 246.42756200069562
    }
  },
  "32": {
    "Level": 32,
    "BreakBaseDamage": {
      "Value": 261.18098300136626
    }
  },
  "33": {
    "Level": 33,
    "BreakBaseDamage": {
      "Value": 275.4733260006178
    }
  },
  "34": {
    "Level": 34,
    "BreakBaseDamage": {
      "Value": 289.31789100100286
    }
  },
  "35": {
    "Level": 35,
    "BreakBaseDamage": {
      "Value": 302.7274710009806
    }
  },
  "36": {
    "Level": 36,
    "BreakBaseDamage": {
      "Value": 315.71437700116076
    }
  },
  "37": {
    "Level": 37,
    "BreakBaseDamage": {
      "Value": 328.2904600009788
    }
  },
  "38": {
    "Level": 38,
    "BreakBaseDamage": {
      "Value": 340.4671320002526
    }
  },
  "39": {
    "Level": 39,
    "BreakBaseDamage": {
      "Value": 352.25538500072435
    }
  },
  "40": {
    "Level": 40,
    "BreakBaseDamage": {
      "Value": 363.66581300087273
    }
  },
  "41": {
    "Level": 41,
    "BreakBaseDamage": {
      "Value": 408.1240069998894
    }
  },
  "42": {
    "Level": 42,
    "BreakBaseDamage": {
      "Value": 451.7883040003944
    }
  },
  "43": {
    "Level": 43,
    "BreakBaseDamage": {
      "Value": 494.67978300107643
    }
  },
  "44": {
    "Level": 44,
    "BreakBaseDamage": {
      "Value": 536.8187790012453
    }
  },
  "45": {
    "Level": 45,
    "BreakBaseDamage": {
      "Value": 578.224923000671
    }
  },
  "46": {
    "Level": 46,
    "BreakBaseDamage": {
      "Value": 618.9171680009458
    }
  },
  "47": {
    "Level": 47,
    "BreakBaseDamage": {
      "Value": 658.9138190012891
    }
  },
  "48": {
    "Level": 48,
    "BreakBaseDamage": {
      "Value": 698.232560000848
    }
  },
  "49": {
    "Level": 49,
    "BreakBaseDamage": {
      "Value": 736.8904830017127
    }
  },
  "50": {
    "Level": 50,
    "BreakBaseDamage": {
      "Value": 774.9041060006712
    }
  },
  "51": {
    "Level": 51,
    "BreakBaseDamage": {
      "Value": 871.059962000465
    }
  },
  "52": {
    "Level": 52,
    "BreakBaseDamage": {
      "Value": 964.8705530015286
    }
  },
  "53": {
    "Level": 53,
    "BreakBaseDamage": {
      "Value": 1056.4206480011344
    }
  },
  "54": {
    "Level": 54,
    "BreakBaseDamage": {
      "Value": 1145.790979001904
    }
  },
  "55": {
    "Level": 55,
    "BreakBaseDamage": {
      "Value": 1233.058478000341
    }
  },
  "56": {
    "Level": 56,
    "BreakBaseDamage": {
      "Value": 1318.296501000179
    }
  },
  "57": {
    "Level": 57,
    "BreakBaseDamage": {
      "Value": 1401.5750280003995
    }
  },
  "58": {
    "Level": 58,
    "BreakBaseDamage": {
      "Value": 1482.9608620018698
    }
  },
  "59": {
    "Level": 59,
    "BreakBaseDamage": {
      "Value": 1562.5178010005038
    }
  },
  "60": {
    "Level": 60,
    "BreakBaseDamage": {
      "Value": 1640.3068080004305
    }
  },
  "61": {
    "Level": 61,
    "BreakBaseDamage": {
      "Value": 1752.3215170006733
    }
  },
  "62": {
    "Level": 62,
    "BreakBaseDamage": {
      "Value": 1861.901124001015
    }
  },
  "63": {
    "Level": 63,
    "BreakBaseDamage": {
      "Value": 1969.1241810005158
    }
  },
  "64": {
    "Level": 64,
    "BreakBaseDamage": {
      "Value": 2074.0658950009383
    }
  },
  "65": {
    "Level": 65,
    "BreakBaseDamage": {
      "Value": 2176.798311000457
    }
  },
  "66": {
    "Level": 66,
    "BreakBaseDamage": {
      "Value": 2277.390468001133
    }
  },
  "67": {
    "Level": 67,
    "BreakBaseDamage": {
      "Value": 2375.908559001051
    }
  },
  "68": {
    "Level": 68,
    "BreakBaseDamage": {
      "Value": 2472.4160780005623
    }
  },
  "69": {
    "Level": 69,
    "BreakBaseDamage": {
      "Value": 2566.9739490016364
    }
  },
  "70": {
    "Level": 70,
    "BreakBaseDamage": {
      "Value": 2659.6406630014535
    }
  },
  "71": {
    "Level": 71,
    "BreakBaseDamage": {
      "Value": 2780.3044210004155
    }
  },
  "72": {
    "Level": 72,
    "BreakBaseDamage": {
      "Value": 2898.6022220007144
    }
  },
  "73": {
    "Level": 73,
    "BreakBaseDamage": {
      "Value": 3014.602979001589
    }
  },
  "74": {
    "Level": 74,
    "BreakBaseDamage": {
      "Value": 3128.3729520011693
    }
  },
  "75": {
    "Level": 75,
    "BreakBaseDamage": {
      "Value": 3239.9758780016564
    }
  },
  "76": {
    "Level": 76,
    "BreakBaseDamage": {
      "Value": 3349.473088000901
    }
  },
  "77": {
    "Level": 77,
    "BreakBaseDamage": {
      "Value": 3456.9236220011953
    }
  },
  "78": {
    "Level": 78,
    "BreakBaseDamage": {
      "Value": 3562.384331000503
    }
  },
  "79": {
    "Level": 79,
    "BreakBaseDamage": {
      "Value": 3665.9099810014013
    }
  },
  "80": {
    "Level": 80,
    "BreakBaseDamage": {
      "Value": 3767.5533460008446
    }
  },
  "81": {
    "Level": 81,
    "BreakBaseDamage": {
      "Value": 3957.8619110013824
    }
  },
  "82": {
    "Level": 82,
    "BreakBaseDamage": {
      "Value": 4155.211892001331
    }
  },
  "83": {
    "Level": 83,
    "BreakBaseDamage": {
      "Value": 4359.863823001273
    }
  },
  "84": {
    "Level": 84,